iso3,country,income_group,region,subregion,population_2020,plastic_pollution_t,plastic_pollution_t_p05,plastic_pollution_t_p95,plastic_pollution_kg_per_cap,plastic_pollution_kg_per_cap_p05,plastic_pollution_kg_per_cap_p95,debris_t,open_burned_t,src_uncollected_t,src_litter_t,src_collection_t,src_disposal_t,src_sorting_rejects_t
IND,India,LMC,Asia,Southern Asia,1396453010,9.276e+06,6.509e+06,1.268e+07,6.642,4.661,9.079,3.49e+06,5.786e+06,4.962e+06,3.126e+05,1.719e+05,3.614e+06,2.155e+05
NGA,Nigeria,LMC,Africa,Sub-Saharan Africa,208261372,3.532e+06,2.645e+06,4.576e+06,16.96,12.7,21.97,1.816e+06,1.717e+06,2.957e+06,7.029e+04,2.111e+04,4.145e+05,6.942e+04
IDN,Indonesia,LMC,Asia,South-eastern Asia,271016047,3.352e+06,2.504e+06,4.289e+06,12.37,9.239,15.82,1.409e+06,1.943e+06,2.202e+06,7.294e+04,3.994e+04,9.83e+05,5.448e+04
CHN,China,UMC,Asia,Eastern Asia,1423731552,2.808e+06,2.103e+06,3.709e+06,1.972,1.477,2.605,1.168e+06,1.64e+06,2.379e+06,1.822e+05,1.645e+05,1.902e+04,6.382e+04
PAK,Pakistan,LMC,Asia,Southern Asia,227180827,2.567e+06,1.786e+06,3.52e+06,11.3,7.861,15.49,1.254e+06,1.314e+06,1.943e+06,7.036e+04,2.495e+04,4.529e+05,7.673e+04
BGD,Bangladesh,LMC,Asia,Southern Asia,167132312,1.748e+06,1.135e+06,2.446e+06,10.46,6.794,14.64,8.712e+05,8.77e+05,1.325e+06,5.327e+04,1.741e+04,2.921e+05,6.086e+04
RUS,Russia,UMC,Europe,Eastern Europe,145353329,1.702e+06,1.133e+06,2.351e+06,11.71,7.797,16.17,2.802e+05,1.422e+06,6.29e+05,3.28e+04,2.451e+04,1.007e+06,9294
BRA,Brazil,UMC,Americas,Latin America and the Caribbean,213090622,1.445e+06,9.025e+05,2.052e+06,6.78,4.235,9.63,4.036e+05,1.041e+06,1.026e+06,3.815e+04,2.384e+04,3.447e+05,1.179e+04
THA,Thailand,UMC,Asia,South-eastern Asia,71462588,9.957e+05,6.531e+05,1.379e+06,13.93,9.139,19.29,1.964e+05,7.993e+05,5.468e+05,2.33e+04,1.443e+04,4.06e+05,5169
COD,Democratic Republic of the Congo,LIC,Africa,Sub-Saharan Africa,92925478,9.633e+05,5.737e+05,1.402e+06,10.37,6.174,15.09,6.341e+05,3.292e+05,7.889e+05,5.661e+04,8054,7.437e+04,3.541e+04
PHL,Philippines,LMC,Asia,South-eastern Asia,111404472,8.198e+05,4.914e+05,1.26e+06,7.359,4.411,11.31,3.888e+05,4.31e+05,5.747e+05,3.019e+04,2.105e+04,1.765e+05,1.748e+04
EGY,Egypt,LMC,Africa,Northern Africa,107437371,8.076e+05,5.14e+05,1.187e+06,7.517,4.784,11.05,1.821e+05,6.255e+05,2.313e+05,2.028e+04,1.585e+04,5.362e+05,3979
IRQ,Iraq,UMC,Asia,Western Asia,42556202,7.999e+05,4.83e+05,1.136e+06,18.8,11.35,26.69,2.317e+05,5.682e+05,5.724e+05,7600,5607,2.089e+05,5339
TZA,Tanzania,LIC,Africa,Sub-Saharan Africa,61643967,7.789e+05,5.293e+05,1.071e+06,12.64,8.587,17.37,5.151e+05,2.639e+05,6.348e+05,3.582e+04,7474,8.516e+04,1.564e+04
MEX,Mexico,UMC,Americas,Latin America and the Caribbean,125913113,7.674e+05,4.663e+05,1.13e+06,6.095,3.704,8.975,2.696e+05,4.979e+05,7.079e+05,2.805e+04,1.981e+04,4574,7103
VNM,Vietnam,LMC,Asia,South-eastern Asia,96572935,7.55e+05,4.971e+05,1.039e+06,7.817,5.147,10.76,3.123e+05,4.427e+05,4.33e+05,3.033e+04,2.65e+04,2.542e+05,1.098e+04
MMR,Myanmar,LMC,Asia,South-eastern Asia,53387889,7.254e+05,4.37e+05,1.092e+06,13.59,8.186,20.46,3.394e+05,3.86e+05,5.356e+05,1.828e+04,9332,1.491e+05,1.305e+04
ETH,Ethiopia,LIC,Africa,Sub-Saharan Africa,117030090,6.519e+05,4.179e+05,9.599e+05,5.57,3.571,8.202,4.355e+05,2.164e+05,5.018e+05,4.528e+04,5492,5.953e+04,3.981e+04
UGA,Uganda,LIC,Africa,Sub-Saharan Africa,44406172,6.176e+05,3.519e+05,8.991e+05,13.91,7.925,20.25,4.102e+05,2.074e+05,5.102e+05,3.133e+04,5588,5.375e+04,1.674e+04
ZAF,South Africa,UMC,Africa,Sub-Saharan Africa,58793728,6.098e+05,3.347e+05,9.785e+05,10.37,5.694,16.64,1.434e+05,4.664e+05,3.627e+05,1.138e+04,5919,2.248e+05,5035
KEN,Kenya,LMC,Africa,Sub-Saharan Africa,52180984,6.025e+05,4.311e+05,8.028e+05,11.55,8.261,15.38,3.141e+05,2.884e+05,4.792e+05,2.292e+04,5348,7.131e+04,2.371e+04
IRN,Iran,UMC,Asia,Southern Asia,87251917,5.607e+05,4.122e+05,7.232e+05,6.427,4.725,8.288,8.789e+04,4.728e+05,1.741e+05,1.004e+04,1.051e+04,3.629e+05,3099
AGO,Angola,UMC,Africa,Sub-Saharan Africa,33382826,5.504e+05,3.256e+05,8.248e+05,16.49,9.753,24.71,1.711e+05,3.793e+05,4.475e+05,7266,3027,8.655e+04,6056
SDN,Sudan,LMC,Africa,Northern Africa,44444853,5.3e+05,3.236e+05,7.752e+05,11.92,7.281,17.44,2.439e+05,2.861e+05,3.798e+05,1.338e+04,8523,1.188e+05,9529
TUR,Turkey,UMC,Asia,Western Asia,84052947,4.864e+05,3.359e+05,6.636e+05,5.787,3.996,7.895,1.73e+05,3.134e+05,4.22e+05,1.475e+04,1.141e+04,3.375e+04,4477
AFG,Afghanistan,LIC,Asia,Southern Asia,38972329,4.572e+05,2.649e+05,6.613e+05,11.73,6.796,16.97,2.619e+05,1.954e+05,3.226e+05,2.177e+04,1.221e+04,8.976e+04,1.09e+04
CMR,Cameroon,LMC,Africa,Sub-Saharan Africa,26488173,4.33e+05,2.868e+05,6.005e+05,16.35,10.83,22.67,2.2e+05,2.13e+05,3.591e+05,9389,2392,5.409e+04,7951
UKR,Ukraine,LMC,Europe,Eastern Europe,43907648,4.177e+05,2.563e+05,6.142e+05,9.512,5.837,13.99,1.208e+05,2.969e+05,1.625e+05,1.382e+04,9744,2.278e+05,3750
KHM,Cambodia,LMC,Asia,South-eastern Asia,16387190,4.136e+05,2.527e+05,5.799e+05,25.24,15.42,35.39,1.892e+05,2.244e+05,2.975e+05,1.157e+04,7014,9.323e+04,4238
UZB,Uzbekistan,LMC,Asia,Central Asia,33643979,3.952e+05,2.587e+05,5.619e+05,11.75,7.69,16.7,1.584e+05,2.368e+05,2.355e+05,1.031e+04,8652,1.346e+05,6166
CIV,Côte d'Ivoire,LMC,Africa,Sub-Saharan Africa,26812233,3.948e+05,2.644e+05,5.573e+05,14.73,9.861,20.78,2.065e+05,1.884e+05,3.354e+05,1.064e+04,1822,3.819e+04,8819
GHA,Ghana,LMC,Africa,Sub-Saharan Africa,32172229,3.857e+05,2.828e+05,5.096e+05,11.99,8.791,15.84,1.68e+05,2.178e+05,2.677e+05,8254,3048,1.003e+05,6403
MAR,Morocco,LMC,Africa,Northern Africa,36669285,3.856e+05,2.692e+05,5.227e+05,10.51,7.341,14.25,1.182e+05,2.673e+05,1.693e+05,1.021e+04,7081,1.956e+05,3371
DZA,Algeria,UMC,Africa,Northern Africa,43438271,3.796e+05,2.722e+05,4.999e+05,8.739,6.266,11.51,9.855e+04,2.811e+05,2.331e+05,7177,5581,1.299e+05,3816
ARG,Argentina,UMC,Americas,Latin America and the Caribbean,45059496,3.509e+05,2.164e+05,5.128e+05,7.787,4.803,11.38,1.328e+05,2.18e+05,3.309e+05,9301,6649,1306,2768
PRK,North Korea,LIC,Asia,Eastern Asia,25828826,3.446e+05,1.974e+05,5.233e+05,13.34,7.642,20.26,1.948e+05,1.499e+05,2.457e+05,1.402e+04,1.006e+04,6.763e+04,7185
SYR,Syria,LMC,Asia,Western Asia,20781648,3.283e+05,1.867e+05,4.985e+05,15.8,8.984,23.99,1.483e+05,1.801e+05,2.334e+05,7394,4579,7.839e+04,4534
YEM,Yemen,LMC,Asia,Western Asia,32271443,3.272e+05,2.288e+05,4.479e+05,10.14,7.091,13.88,1.253e+05,2.019e+05,1.85e+05,8204,7158,1.223e+05,4585
MOZ,Mozambique,LIC,Africa,Sub-Saharan Africa,31177526,3.234e+05,1.749e+05,5.165e+05,10.37,5.609,16.57,2.179e+05,1.055e+05,2.628e+05,1.729e+04,2775,3.266e+04,7826
LKA,Sri Lanka,LMC,Asia,Southern Asia,21676912,2.738e+05,1.672e+05,3.803e+05,12.63,7.713,17.54,1.032e+05,1.706e+05,1.483e+05,9691,5241,1.069e+05,3662
PER,Peru,UMC,Americas,Latin America and the Caribbean,33108759,2.708e+05,1.592e+05,4.052e+05,8.178,4.81,12.24,6.997e+04,2.008e+05,1.866e+05,6468,3633,7.204e+04,2031
GTM,Guatemala,LMC,Americas,Latin America and the Caribbean,17358937,2.636e+05,1.667e+05,3.864e+05,15.19,9.605,22.26,1.28e+05,1.356e+05,2.023e+05,7640,2450,4.593e+04,5261
VEN,Venezuela,UMC,Americas,Latin America and the Caribbean,28474211,2.499e+05,1.363e+05,3.891e+05,8.775,4.787,13.67,8.056e+04,1.693e+05,1.885e+05,4992,5108,4.946e+04,1783
NPL,Nepal,LIC,Asia,Southern Asia,29350908,2.39e+05,1.601e+05,3.381e+05,8.142,5.453,11.52,1.322e+05,1.068e+05,1.61e+05,1.051e+04,5428,5.592e+04,6116
KAZ,Kazakhstan,UMC,Asia,Central Asia,18984737,2.39e+05,1.478e+05,3.572e+05,12.59,7.786,18.82,4.648e+04,1.925e+05,1.119e+05,4631,3489,1.172e+05,1715
HTI,Haiti,LIC,Americas,Latin America and the Caribbean,11290293,2.295e+05,1.416e+05,3.275e+05,20.33,12.54,29,1.483e+05,8.123e+04,1.956e+05,9352,2155,1.72e+04,5193
SOM,Somalia,LIC,Africa,Sub-Saharan Africa,16586879,2.253e+05,1.34e+05,3.621e+05,13.58,8.082,21.83,1.438e+05,8.151e+04,1.878e+05,9122,3061,1.831e+04,6969
SSD,South Sudan,LIC,Africa,Sub-Saharan Africa,10568385,2.152e+05,1.177e+05,3.211e+05,20.37,11.14,30.38,1.359e+05,7.935e+04,1.704e+05,8511,3546,2.982e+04,2924
ZMB,Zambia,LMC,Africa,Sub-Saharan Africa,18914705,2.151e+05,1.403e+05,3.076e+05,11.37,7.419,16.26,1.122e+05,1.029e+05,1.807e+05,6982,950.6,2.168e+04,4861
SEN,Senegal,LIC,Africa,Sub-Saharan Africa,16463756,2.146e+05,1.235e+05,3.217e+05,13.04,7.501,19.54,1.334e+05,8.119e+04,1.674e+05,1.047e+04,1914,3.021e+04,4599
TCD,Chad,LIC,Africa,Sub-Saharan Africa,16639423,2.118e+05,1.136e+05,3.317e+05,12.73,6.827,19.93,1.463e+05,6.556e+04,1.782e+05,1.07e+04,1735,1.646e+04,4700
MLI,Mali,LIC,Africa,Sub-Saharan Africa,21223551,2.056e+05,1.373e+05,2.861e+05,9.689,6.471,13.48,1.456e+05,6.008e+04,1.704e+05,1.282e+04,1253,1.577e+04,5379
RWA,Rwanda,LIC,Africa,Sub-Saharan Africa,13108077,2.011e+05,1.117e+05,3.095e+05,15.34,8.518,23.61,1.272e+05,7.385e+04,1.662e+05,1.05e+04,1057,1.643e+04,6837
MYS,Malaysia,UMC,Asia,South-eastern Asia,33153437,1.976e+05,1.324e+05,2.786e+05,5.959,3.993,8.404,7.294e+04,1.246e+05,1.836e+05,6679,4156,1154,1980
MDG,Madagascar,LIC,Africa,Sub-Saharan Africa,28211069,1.908e+05,1.037e+05,3.066e+05,6.763,3.675,10.87,1.292e+05,6.161e+04,1.482e+05,1.093e+04,2282,2.436e+04,5017
BFA,Burkina Faso,LIC,Africa,Sub-Saharan Africa,21504250,1.853e+05,9.456e+04,2.984e+05,8.618,4.397,13.88,1.272e+05,5.813e+04,1.524e+05,1.097e+04,1182,1.521e+04,5527
MWI,Malawi,LIC,Africa,Sub-Saharan Africa,19374314,1.715e+05,1.107e+05,2.517e+05,8.851,5.716,12.99,1.176e+05,5.392e+04,1.425e+05,9482,1144,1.083e+04,7509
BEN,Benin,LIC,Africa,Sub-Saharan Africa,12638029,1.685e+05,1.002e+05,2.491e+05,13.33,7.925,19.71,1.095e+05,5.906e+04,1.397e+05,8263,1157,1.465e+04,4718
ZWE,Zimbabwe,LIC,Africa,Sub-Saharan Africa,15669586,1.629e+05,8.809e+04,2.57e+05,10.39,5.622,16.4,1.159e+05,4.701e+04,1.385e+05,8880,1213,1.14e+04,2876
TJK,Tajikistan,LMC,Asia,Central Asia,9543666,1.56e+05,9.485e+04,2.245e+05,16.35,9.939,23.53,7.714e+04,7.889e+04,1.212e+05,4506,1480,2.537e+04,3434
PRY,Paraguay,UMC,Americas,Latin America and the Caribbean,6618086,1.545e+05,9.334e+04,2.166e+05,23.35,14.1,32.73,4.042e+04,1.141e+05,1.131e+05,3139,1063,3.643e+04,803.2
COL,Colombia,UMC,Americas,Latin America and the Caribbean,50908846,1.535e+05,9.367e+04,2.255e+05,3.014,1.84,4.43,5.445e+04,9.9e+04,1.385e+05,6682,4729,1090,2471
BDI,Burundi,LIC,Africa,Sub-Saharan Africa,12220405,1.452e+05,9.022e+04,2.128e+05,11.88,7.383,17.41,9.563e+04,4.961e+04,1.208e+05,7793,1219,9277,6164
ROU,Romania,UMC,Europe,Eastern Europe,19443521,1.419e+05,9.654e+04,1.981e+05,7.3,4.965,10.19,4.66e+04,9.534e+04,1.294e+05,6223,2948,1346,2050
TUN,Tunisia,LMC,Africa,Northern Africa,12135515,1.297e+05,7.882e+04,1.941e+05,10.69,6.495,16,6.881e+04,6.092e+04,1.08e+05,4277,2279,1.336e+04,1778
PNG,Papua New Guinea,LMC,Oceania,Melanesia,9706151,1.297e+05,8.164e+04,1.885e+05,13.36,8.411,19.42,6.559e+04,6.41e+04,1.051e+05,4374,1250,1.634e+04,2606
LAO,Laos,LMC,Asia,South-eastern Asia,7326418,1.271e+05,5.494e+04,2.383e+05,17.35,7.499,32.52,6.636e+04,6.073e+04,1.078e+05,5098,998.3,1.152e+04,1676
HND,Honduras,LMC,Americas,Latin America and the Caribbean,10114315,1.264e+05,7.499e+04,1.87e+05,12.5,7.414,18.49,5.756e+04,6.885e+04,9.155e+04,3820,1174,2.821e+04,1659
SRB,Serbia,UMC,Europe,Southern Europe,7405583,1.261e+05,7.34e+04,1.94e+05,17.03,9.911,26.2,2.695e+04,9.919e+04,6.921e+04,2402,1362,5.251e+04,654.4
JOR,Jordan,UMC,Asia,Western Asia,10928250,1.244e+05,6.146e+04,2.115e+05,11.38,5.624,19.35,1.08e+04,1.136e+05,1.83e+04,1331,1072,1.035e+05,165.3
NER,Niger,LIC,Africa,Sub-Saharan Africa,24337127,1.222e+05,7.593e+04,1.878e+05,5.021,3.12,7.717,8.278e+04,3.942e+04,9.397e+04,7821,1186,1.36e+04,5628
KGZ,Kyrgyzstan,LMC,Asia,Central Asia,6300945,1.186e+05,4.964e+04,2.097e+05,18.82,7.878,33.29,5.657e+04,6.2e+04,8.874e+04,3832,1684,2.28e+04,1519
TGO,Togo,LIC,Africa,Sub-Saharan Africa,8441647,9.911e+04,4.989e+04,1.58e+05,11.74,5.909,18.72,6.246e+04,3.665e+04,7.814e+04,4982,998.3,1.231e+04,2682
NIC,Nicaragua,LMC,Americas,Latin America and the Caribbean,6751227,9.911e+04,5.563e+04,1.595e+05,14.68,8.24,23.63,4.565e+04,5.346e+04,7.229e+04,2913,959.8,2.154e+04,1410
AZE,Azerbaijan,UMC,Asia,Western Asia,10231518,9.049e+04,5.52e+04,1.396e+05,8.844,5.395,13.64,1.435e+04,7.614e+04,3.095e+04,1699,1524,5.572e+04,603.3
SLV,El Salvador,LMC,Americas,Latin America and the Caribbean,6290227,8.981e+04,5.555e+04,1.338e+05,14.28,8.832,21.27,3.947e+04,5.034e+04,6.213e+04,2343,1080,2.324e+04,1024
ECU,Ecuador,UMC,Americas,Latin America and the Caribbean,17580724,8.846e+04,5.677e+04,1.242e+05,5.032,3.229,7.064,3.249e+04,5.597e+04,8.101e+04,3322,2544,607.1,973.3
GIN,Guinea,LIC,Africa,Sub-Saharan Africa,13204235,8.592e+04,4.148e+04,1.508e+05,6.507,3.142,11.42,5.752e+04,2.839e+04,6.605e+04,5633,977.3,1.015e+04,3106
MRT,Mauritania,LMC,Africa,Sub-Saharan Africa,4482193,8.375e+04,4.097e+04,1.447e+05,18.68,9.142,32.29,4.481e+04,3.894e+04,7.365e+04,2134,306.9,6389,1271
COG,Republic of Congo,LMC,Africa,Sub-Saharan Africa,5702953,7.995e+04,4.22e+04,1.37e+05,14.02,7.4,24.03,3.883e+04,4.112e+04,6.348e+04,1334,486.9,1.344e+04,1216
BOL,Bolivia,LMC,Americas,Latin America and the Caribbean,11936312,7.952e+04,4.637e+04,1.232e+05,6.662,3.884,10.32,3.647e+04,4.305e+04,5.578e+04,2802,1569,1.845e+04,926.9
DOM,Dominican Republic,UMC,Americas,Latin America and the Caribbean,10993893,7.938e+04,4.827e+04,1.208e+05,7.221,4.39,10.99,3.048e+04,4.89e+04,7.555e+04,1681,1046,187.9,916.5
TKM,Turkmenistan,UMC,Asia,Central Asia,6241231,7.097e+04,3.398e+04,1.299e+05,11.37,5.445,20.81,1.678e+04,5.419e+04,3.936e+04,1462,1323,2.803e+04,784.8
LBR,Liberia,LIC,Africa,Sub-Saharan Africa,5084908,6.076e+04,3.267e+04,9.681e+04,11.95,6.425,19.04,4.018e+04,2.058e+04,5.07e+04,2902,401.8,5305,1443
SLE,Sierra Leone,LIC,Africa,Sub-Saharan Africa,8230997,5.994e+04,3.361e+04,9.189e+04,7.282,4.083,11.16,3.915e+04,2.078e+04,4.674e+04,3601,606.5,6926,2061
BLR,Belarus,UMC,Europe,Eastern Europe,9635988,5.57e+04,3.325e+04,8.229e+04,5.781,3.451,8.54,1.927e+04,3.643e+04,5.044e+04,2652,1620,458.9,528.2
CAF,Central African Republic,LIC,Africa,Sub-Saharan Africa,5343018,5.071e+04,2.949e+04,7.981e+04,9.49,5.519,14.94,3.522e+04,1.549e+04,4.291e+04,2504,366.3,3139,1786
BGR,Bulgaria,UMC,Europe,Eastern Europe,6965106,5.061e+04,3.023e+04,7.579e+04,7.266,4.34,10.88,1.601e+04,3.46e+04,4.615e+04,2424,1170,413.1,451.7
CUB,Cuba,UMC,Americas,Latin America and the Caribbean,11290499,4.845e+04,2.553e+04,7.288e+04,4.291,2.261,6.455,1.896e+04,2.949e+04,4.309e+04,2601,1716,501.2,539.1
USA,United States,HIC,Americas,Northern America,335908729,4.765e+04,2.816e+04,6.763e+04,0.1419,0.08384,0.2013,4.765e+04,0,0,3.093e+04,1.672e+04,0,0
LSO,Lesotho,LMC,Africa,Sub-Saharan Africa,2256640,4.482e+04,1.823e+04,8.332e+04,19.86,8.078,36.92,2.437e+04,2.046e+04,3.95e+04,1913,146.9,2538,723.5
ERI,Eritrea,LIC,Africa,Sub-Saharan Africa,3530736,4.372e+04,2.125e+04,7.397e+04,12.38,6.019,20.95,2.846e+04,1.526e+04,3.579e+04,2064,487.6,4275,1100
LBN,Lebanon,UMC,Asia,Western Asia,5647789,4.352e+04,2.653e+04,6.551e+04,7.706,4.697,11.6,5866,3.765e+04,9328,867.2,1006,3.214e+04,179.8
PAN,Panama,UMC,Americas,Latin America and the Caribbean,4277095,4.121e+04,2.351e+04,6.299e+04,9.636,5.497,14.73,1.319e+04,2.802e+04,3.727e+04,1176,543.1,1956,271.9
LBY,Libya,UMC,Africa,Northern Africa,6650534,4.031e+04,2.676e+04,5.771e+04,6.062,4.024,8.677,1e+04,3.031e+04,2.184e+04,1042,1306,1.569e+04,431.6
NAM,Namibia,UMC,Africa,Sub-Saharan Africa,2489528,3.69e+04,1.812e+04,6.249e+04,14.82,7.28,25.1,7744,2.915e+04,2.531e+04,1107,299.2,1.005e+04,128.6
BIH,Bosnia and Herzegovina,UMC,Europe,Southern Europe,3314239,3.342e+04,1.877e+04,5.149e+04,10.08,5.665,15.54,1.086e+04,2.256e+04,3.103e+04,1183,601,203,401
GNQ,Equatorial Guinea,UMC,Africa,Sub-Saharan Africa,1593286,3.31e+04,1.038e+04,7.132e+04,20.78,6.517,44.76,9739,2.336e+04,2.438e+04,250.4,129.3,8236,107.3
MNG,Mongolia,LMC,Asia,Eastern Asia,3294224,3.247e+04,1.309e+04,6.431e+04,9.856,3.975,19.52,8787,2.368e+04,1.244e+04,907.7,580.2,1.842e+04,122
BWA,Botswana,UMC,Africa,Sub-Saharan Africa,2547162,3.227e+04,1.496e+04,5.824e+04,12.67,5.872,22.86,6098,2.617e+04,1.453e+04,748.9,350.6,1.644e+04,202
GMB,Gambia,LIC,Africa,Sub-Saharan Africa,2568911,2.914e+04,1.382e+04,5.094e+04,11.34,5.38,19.83,1.829e+04,1.085e+04,2.33e+04,1377,298.9,3313,850.5
PSE,Palestina,LMC,Asia,Western Asia,5021175,2.843e+04,1.28e+04,4.939e+04,5.662,2.549,9.837,1.607e+04,1.235e+04,2.399e+04,1159,1016,1898,359.6
GEO,Georgia,UMC,Asia,Western Asia,3764026,2.795e+04,1.661e+04,4.217e+04,7.425,4.413,11.2,8832,1.912e+04,2.564e+04,1252,575.4,239.7,245.7
CRI,Costa Rica,UMC,Americas,Latin America and the Caribbean,5121359,2.419e+04,1.474e+04,3.73e+04,4.723,2.878,7.284,8060,1.613e+04,2.189e+04,1196,592.4,226,290.1
JAM,Jamaica,UMC,Americas,Latin America and the Caribbean,2817032,2.365e+04,1.245e+04,3.961e+04,8.396,4.42,14.06,8583,1.507e+04,2.202e+04,763.6,463.6,147.5,253
ALB,Albania,UMC,Europe,Southern Europe,2864580,2.226e+04,1.32e+04,3.319e+04,7.77,4.609,11.59,7431,1.483e+04,2.073e+04,876.7,434.7,101.1,115.3
GNB,Guinea-Bissau,LIC,Africa,Sub-Saharan Africa,1975158,2.218e+04,9709,3.993e+04,11.23,4.916,20.22,1.436e+04,7811,1.766e+04,1069,303,2684,460.1
XKO,Kosovo,UMC,,,1636294,2.097e+04,1.236e+04,3.21e+04,12.82,7.554,19.62,4172,1.68e+04,9765,480.1,357.4,1.025e+04,117.2
SWZ,Swaziland,LMC,Africa,Sub-Saharan Africa,1182497,2.008e+04,8767,3.625e+04,16.98,7.414,30.65,1.045e+04,9630,1.703e+04,854.7,108.7,1926,162.2
DJI,Djibouti,LMC,Africa,Sub-Saharan Africa,1082960,1.998e+04,7700,3.826e+04,18.45,7.11,35.33,1.013e+04,9851,1.665e+04,295.9,77.61,2697,252.9
TLS,Timor-Leste,LMC,Asia,South-eastern Asia,1299521,1.814e+04,9511,2.988e+04,13.96,7.319,22.99,9095,9044,1.477e+04,524.1,134.9,2399,316.2
MDA,Moldova,LMC,Europe,Eastern Europe,3089841,1.771e+04,1.101e+04,2.551e+04,5.732,3.563,8.256,8870,8842,1.274e+04,1041,511,3075,343.9
MKD,Macedonia,UMC,Europe,Southern Europe,2109964,1.631e+04,9206,2.51e+04,7.731,4.363,11.89,5880,1.043e+04,1.52e+04,551.4,317.2,82.26,163.7
ARM,Armenia,LMC,Asia,Western Asia,2807620,1.587e+04,8749,2.53e+04,5.653,3.116,9.01,7898,7974,1.093e+04,915.3,716.2,3091,223.1
COM,Comoros,LIC,Africa,Sub-Saharan Africa,805579,1.131e+04,4118,2.16e+04,14.03,5.112,26.81,6689,4617,8719,447.7,161.2,1699,279.4
CHL,Chile,HIC,Americas,Latin America and the Caribbean,19294454,1.128e+04,6108,1.734e+04,0.5848,0.3166,0.8987,7923,3360,9854,849.5,560.4,0,18.4
SLB,Solomon Islands,LMC,Oceania,Melanesia,678292,8956,3990,1.621e+04,13.2,5.882,23.89,4520,4436,7554,310.8,39.38,994.4,57.37
FRA,France,HIC,Europe,Western Europe,64465087,8832,5623,1.259e+04,0.137,0.08723,0.1953,8832,0,0,5348,3484,0,0
GAB,Gabon,UMC,Africa,Sub-Saharan Africa,2280766,7838,4149,1.372e+04,3.437,1.819,6.017,2899,4939,7180,295,214.9,48.37,100.1
DEU,Germany,HIC,Europe,Western Europe,83383469,7725,5144,1.1e+04,0.09265,0.06169,0.1319,7725,0,0,5139,2586,0,0
ITA,Italy,HIC,Europe,Southern Europe,59492704,7684,5639,9876,0.1292,0.09478,0.166,7669,15.6,45.82,3578,4060,0,0.2963
POL,Poland,HIC,Europe,Eastern Europe,38398156,7079,4254,1.063e+04,0.1843,0.1108,0.2769,6289,789.8,2320,2775,1969,0,14.5
MDV,Maldives,UMC,Asia,Southern Asia,484977,7015,2166,1.471e+04,14.46,4.467,30.33,1451,5564,3803,164.8,98.55,2904,44.21
BLZ,Belize,UMC,Americas,Latin America and the Caribbean,393219,6972,4180,1.047e+04,17.73,10.63,26.63,2336,4636,6527,236.6,107.9,57.03,43.98
TTO,Trinidad and Tobago,HIC,Americas,Latin America and the Caribbean,1516463,6962,1922,1.478e+04,4.591,1.268,9.748,4663,2299,6782,89.48,84.74,0,5.844
GUY,Guyana,UMC,Americas,Latin America and the Caribbean,795729,6907,2960,1.332e+04,8.68,3.72,16.74,2490,4417,6416,231.7,128.1,24.62,106.9
ESP,Spain,HIC,Europe,Southern Europe,47287524,6241,3820,8997,0.132,0.08079,0.1903,6006,235.2,680.8,3106,2450,0,4.111
VUT,Vanuatu,LMC,Oceania,Melanesia,308902,6209,2207,1.166e+04,20.1,7.145,37.73,3116,3094,5110,227.7,38.74,787.5,45.28
JPN,Japan,HIC,Asia,Eastern Asia,124838652,6185,4928,7566,0.04954,0.03948,0.0606,6185,0,0,3825,2360,0,0
FJI,Fiji,UMC,Oceania,Melanesia,913971,6182,3074,1.056e+04,6.763,3.363,11.56,1857,4325,5644,309.9,110.2,53.31,64.31
MNE,Montenegro,UMC,Europe,Southern Europe,626690,5762,3159,9129,9.195,5.04,14.57,2264,3498,5298,232.1,157.4,33.58,41.26
BTN,Bhutan,LMC,Asia,Southern Asia,807803,5694,2762,1.035e+04,7.049,3.419,12.82,2477,3218,3902,255.9,50.41,1448,38.42
CPV,Cape Verde,LMC,Africa,Sub-Saharan Africa,581458,5693,2910,9418,9.791,5.004,16.2,1453,4241,1928,193.9,107.5,3436,27.61
ESH,Western Sahara,LMC,Africa,Northern Africa,554837,4736,1878,9420,8.536,3.385,16.98,1490,3246,2092,129.2,94.26,2368,53.2
GBR,United Kingdom,HIC,Europe,Northern Europe,67024151,4622,2975,6678,0.06897,0.04439,0.09964,4622,0,0,3069,1553,0,0
SUR,Suriname,UMC,Americas,Latin America and the Caribbean,607333,4199,1677,8002,6.914,2.762,13.18,1419,2780,3857,169.2,101.6,24.31,46.86
STP,São Tomé and Príncipe,LMC,Africa,Sub-Saharan Africa,217933,3681,938.2,8361,16.89,4.305,38.36,1709,1972,2786,67.58,25.59,752.9,49.15
SAU,Saudi Arabia,HIC,Asia,Western Asia,35979653,3444,2046,5031,0.09572,0.05687,0.1398,3444,0,0,1782,1662,0,0
MYT,Mayotte,HIC,Africa,Sub-Saharan Africa,305238,3079,1187,6035,10.09,3.889,19.77,1218,1861,2935,70.49,35.39,3.462,34.93
CAN,Canada,HIC,Americas,Northern America,37511726,3024,1788,4582,0.08061,0.04766,0.1221,3024,0,0,2029,994.5,0,0
OMN,Oman,HIC,Asia,Western Asia,4583895,3019,399.6,9403,0.6587,0.08716,2.051,2190,829.3,2496,262.6,256.5,0,3.938
KOR,South Korea,HIC,Asia,Eastern Asia,51547970,2857,1847,4178,0.05542,0.03583,0.08105,2857,0,0,1538,1318,0,0
HUN,Hungary,HIC,Europe,Eastern Europe,9750671,2707,1530,4097,0.2776,0.1569,0.4202,2315,391.4,1148,819.3,737.2,0,2.197
WSM,Samoa,LMC,Oceania,Polynesia,213477,2613,1192,4602,12.24,5.584,21.56,967.8,1645,1387,106,59.2,1038,23.22
MUS,Mauritius,UMC,Africa,Sub-Saharan Africa,1295895,2544,1792,3497,1.963,1.383,2.698,1178,1365,2094,215.8,171.9,27.53,34.56
AUS,Australia,HIC,Oceania,Australia and New Zealand,25627621,2198,1229,3302,0.08576,0.04794,0.1288,2198,0,0,1479,718.6,0,0
GRC,Greece,HIC,Europe,Southern Europe,10496994,1909,1144,2804,0.1818,0.109,0.2671,1720,188.5,549.8,701.7,654.1,0,3.215
PRI,Puerto Rico,HIC,Americas,Latin America and the Caribbean,3270263,1909,979.9,3207,0.5837,0.2996,0.9807,1420,488.7,1441,251.1,214,0,2.929
CZE,Czech Republic,HIC,Europe,Eastern Europe,10536310,1549,1088,2149,0.147,0.1033,0.204,1523,26.24,75.86,824.7,648.2,0,0.5545
TWN,Taiwan,HIC,,,23799536,1398,848.5,2114,0.05876,0.03565,0.0888,1398,0,0,789.7,608.7,0,0
LTU,Lithuania,HIC,Europe,Northern Europe,2819616,1393,606.2,2549,0.494,0.215,0.904,1065,327.9,969.8,238.5,178.8,0,5.848
FSM,Micronesia,LMC,Oceania,Micronesia,107775,1361,493.4,2915,12.63,4.578,27.05,692.1,668.8,1124,46.48,11.98,156,22.15
KIR,Kiribati,LMC,Oceania,Micronesia,123847,1354,523.3,2768,10.93,4.226,22.35,703.5,650.7,1122,47.78,9.23,127.3,48.35
AUT,Austria,HIC,Europe,Western Europe,8904799,1239,668.8,1999,0.1391,0.0751,0.2245,1239,0,0,781.1,457.9,0,0
LCA,Saint Lucia,UMC,Americas,Latin America and the Caribbean,179021,1185,535.9,2095,6.622,2.994,11.7,441.7,743.8,1053,64.41,43.33,11.56,13.24
PRT,Portugal,HIC,Europe,Southern Europe,10293683,1181,770.6,1695,0.1147,0.07486,0.1647,1176,5.105,14.94,681.3,484.5,0,0.1165
BEL,Belgium,HIC,Europe,Western Europe,11561763,1167,801.7,1592,0.101,0.06934,0.1377,1167,0,0,745.4,421.9,0,0
NLD,Netherlands,HIC,Europe,Western Europe,17421543,1156,801.1,1585,0.06635,0.04598,0.09096,1156,0,0,781.1,374.9,0,0
TON,Tonga,LMC,Oceania,Polynesia,104748,1123,583.7,1991,10.72,5.573,19.01,568,554.9,863.7,48.55,23.66,170.8,16.32
SVK,Slovakia,HIC,Europe,Eastern Europe,5456615,1087,625.2,1608,0.1992,0.1146,0.2948,1070,16.63,48.84,564.6,473.1,0,0.237
URY,Uruguay,HIC,Americas,Latin America and the Caribbean,3425871,960.5,315.7,2083,0.2804,0.09216,0.608,716.4,244.2,710.3,151.4,96.48,0,2.268
LVA,Latvia,HIC,Europe,Northern Europe,1896410,956.5,364.6,2144,0.5044,0.1922,1.131,736.7,219.8,649.5,171.1,133.1,0,2.848
SWE,Sweden,HIC,Europe,Northern Europe,10334625,918.4,511.7,1475,0.08887,0.04951,0.1427,918.4,0,0,646.1,272.3,0,0
ARE,United Arab Emirates,HIC,Asia,Western Asia,9206995,918.2,420.8,1525,0.09973,0.0457,0.1656,918.2,0,0,506,412.2,0,0
GUF,French Guiana,HIC,Americas,Latin America and the Caribbean,290491,916.3,24,3076,3.154,0.08261,10.59,618.5,297.8,879.2,19.22,16.91,0,0.9721
HRV,Croatia,HIC,Europe,Southern Europe,4090395,900.7,539.9,1305,0.2202,0.132,0.319,826.4,74.32,218.6,352,329.1,0,0.9629
DMA,Dominica,UMC,Americas,Latin America and the Caribbean,71167,797.7,313.5,1476,11.21,4.405,20.74,222.3,575.3,737.6,36.16,14.23,6.328,3.295
CHE,Switzerland,HIC,Europe,Western Europe,8597442,730.8,467,1056,0.085,0.05432,0.1228,730.8,0,0,512.5,218.3,0,0
GRD,Grenada,UMC,Americas,Latin America and the Caribbean,122907,694,292.4,1258,5.647,2.379,10.24,259.5,434.5,596.9,51.66,33.32,6.22,5.939
FIN,Finland,HIC,Europe,Northern Europe,5438673,663.3,365.8,1043,0.122,0.06727,0.1919,663.3,0,0,453.1,210.2,0,0
IRL,Ireland,HIC,Europe,Northern Europe,4953815,658.8,335.8,1075,0.133,0.06779,0.2171,658.8,0,0,425.6,233.2,0,0
VCT,Saint Vincent and the Grenadines,UMC,Americas,Latin America and the Caribbean,104239,606.6,256.6,1129,5.819,2.462,10.83,206.2,400.4,535,39.82,21.64,5.359,4.726
DNK,Denmark,HIC,Europe,Northern Europe,5810092,606.4,343.1,939.9,0.1044,0.05905,0.1618,606.4,0,0,419.2,187.2,0,0
ISR,Israel,HIC,Asia,Western Asia,8752573,604.9,317,1094,0.06911,0.03622,0.1249,581,23.92,71,302.4,231.2,0,0.3581
NOR,Norway,HIC,Europe,Northern Europe,5250273,526.6,287.6,838.5,0.1003,0.05477,0.1597,526.6,0,0,375,151.6,0,0
SVN,Slovenia,HIC,Europe,Southern Europe,2087355,524.9,293.8,860.9,0.2515,0.1408,0.4125,457.6,67.24,198.7,183.7,141,0,1.409
NZL,New Zealand,HIC,Oceania,Australia and New Zealand,5045087,518.1,284.8,765,0.1027,0.05645,0.1516,518.1,0,0,357.6,160.5,0,0
MHL,Marshall Islands,UMC,Oceania,Micronesia,41255,465.5,154,917.2,11.28,3.733,22.23,158,307.4,433.7,14.76,5.356,1.782,9.849
REU,Reunion,LIC,Africa,Sub-Saharan Africa,957256,391.6,57.23,1023,0.4091,0.05978,1.068,286.4,105.2,310.9,43.12,37.07,0,0.5084
HKG,Hong Kong,HIC,Asia,Eastern Asia,7422849,340.6,62.21,845.7,0.04589,0.008381,0.1139,340.6,0,0,205,135.6,0,0
KWT,Kuwait,HIC,Asia,Western Asia,4352402,273,64.92,678.8,0.06273,0.01492,0.156,273,0,0,129.7,143.4,0,0
ASM,American Samoa,UMC,Oceania,Polynesia,45988,238.4,109.2,435.3,5.183,2.375,9.466,95.64,142.7,208.6,14.94,9.108,2.232,3.454
BHS,Bahamas,HIC,Americas,Latin America and the Caribbean,403234,236.9,43.69,891.3,0.5874,0.1084,2.21,172.6,64.25,190.8,25.32,20.44,0,0.3229
GLP,Guadeloupe,HIC,Americas,Latin America and the Caribbean,394752,236.5,34.82,655.3,0.599,0.0882,1.66,174.9,61.6,177.8,29.94,28.04,0,0.7283
EST,Estonia,HIC,Europe,Northern Europe,1326283,223.7,138.5,322.1,0.1687,0.1044,0.2428,205.1,18.6,53.98,103,66.23,0,0.4826
AIA,Anguilla,UMC,Americas,Latin America and the Caribbean,15482,217.6,51.85,511.4,14.05,3.349,33.03,64.58,153,201.9,8.371,3.387,1.37,2.536
MTQ,Martinique,HIC,Americas,Latin America and the Caribbean,368818,196.5,35.21,461.2,0.5328,0.09548,1.25,143.9,52.61,155,21.81,19.15,0,0.5438
PLW,Palau,UMC,Oceania,Micronesia,17693,194.9,74.35,368.1,11.02,4.202,20.8,51.08,143.8,179.5,9.89,3.514,1.452,0.5266
SGP,Singapore,HIC,Asia,South-eastern Asia,5906278,175.1,21.04,451.9,0.02964,0.003562,0.07651,175.1,0,0,117.1,58,0,0
QAT,Qatar,HIC,Asia,Western Asia,2756609,171,85.43,291.4,0.06202,0.03099,0.1057,171,0,0,99.35,71.6,0,0
GRL,Greenland,HIC,Americas,Northern America,47251,141.8,6.821,447.1,3.002,0.1443,9.462,96.64,45.2,133.4,3.986,4.324,0,0.1757
BRB,Barbados,HIC,Americas,Latin America and the Caribbean,279999,138.2,32.56,327,0.4937,0.1163,1.168,102.5,35.8,105.1,18.11,14.9,0,0.1742
SYC,Seychelles,HIC,Africa,Sub-Saharan Africa,102943,121.3,9.566,348.9,1.179,0.09292,3.389,87.81,33.53,98.39,12.56,10.24,0,0.1463
WLF,Wallis and Futuna,LMC,Oceania,Polynesia,11568,118.9,9.418,361.5,10.28,0.8141,31.25,62.63,56.24,102.8,5.876,0.6085,9.625,0
CUW,Curaçao,HIC,Americas,Latin America and the Caribbean,189099,111.9,4.779,533,0.5919,0.02527,2.819,78.12,33.81,97.19,7.234,7.431,0,0.07976
TUV,Tuvalu,UMC,Oceania,Polynesia,10997,111.5,39.76,219.3,10.14,3.616,19.94,23.29,88.25,61.89,2.476,0.9361,45.71,0.5292
CYP,Cyprus,HIC,Asia,Western Asia,879135,105.8,55.06,175.7,0.1204,0.06263,0.1999,105.8,0,0,57.67,48.17,0,0
NCL,New Caledonia,HIC,Oceania,Melanesia,285755,99.5,19.15,380.1,0.3482,0.06703,1.33,80.18,19.32,57.28,23.84,18.22,0,0.1609
SHN,Saint Helena,UMC,Africa,Sub-Saharan Africa,5418,89.25,18.79,229.6,16.47,3.469,42.37,19.6,69.65,83.58,4.036,0.8167,0.597,0.2178
XNC,Northern Cyprus,HIC,,,334495,89.16,25.79,268.9,0.2666,0.0771,0.8039,73.08,16.08,47.21,23.11,18.69,0,0.1545
VIR,"Virgin Islands, U.S.",HIC,Americas,Latin America and the Caribbean,100143,77.71,28.63,153,0.776,0.2859,1.528,57.99,19.72,58.25,10.13,9.262,0,0.07153
BRN,Brunei,HIC,Asia,South-eastern Asia,440694,77.26,34.22,140.5,0.1753,0.07766,0.3187,77.26,0,0,39.51,37.75,0,0
ATG,Antigua and Barbuda,HIC,Americas,Latin America and the Caribbean,92220,71.44,14.98,202,0.7747,0.1624,2.19,52.96,18.48,54.27,9.122,7.982,0,0.06896
LUX,Luxembourg,HIC,Europe,Western Europe,629152,69.08,41.59,104,0.1098,0.06611,0.1653,69.08,0,0,46.66,22.42,0,0
ABW,Aruba,HIC,Americas,Latin America and the Caribbean,106477,67.65,3.954,327.8,0.6354,0.03714,3.079,48.4,19.25,56.36,5.699,5.538,0,0.05675
MAF,Saint-Martin,HIC,Americas,Latin America and the Caribbean,32352,62.78,1.67,272.4,1.94,0.05161,8.419,42.68,20.1,59.04,1.865,1.867,0,0.01096
PYF,French Polynesia,HIC,Oceania,Polynesia,295449,55.49,21.42,113,0.1878,0.0725,0.3825,52.09,3.39,9.954,25.65,19.84,0,0.04185
BHR,Bahrain,HIC,Asia,Western Asia,1416646,54.66,14.55,128.8,0.03859,0.01027,0.09094,54.66,0,0,27.78,26.88,0,0
CXR,Christmas Island,UMC,Oceania,Australia and New Zealand,3043,48.29,6.684,135.7,15.87,2.197,44.61,10.66,37.63,45.08,2.202,0.4231,0.3312,0.2505
KNA,Saint Kitts and Nevis,HIC,Americas,Latin America and the Caribbean,47541,43.04,16.61,82.8,0.9053,0.3495,1.742,32.48,10.56,31.16,6.366,5.44,0,0.07146
GUM,Guam,HIC,Oceania,Micronesia,169073,41.05,20.59,68.11,0.2428,0.1218,0.4028,38.65,2.398,7.174,17.91,15.95,0,0.02029
MLT,Malta,HIC,Europe,Southern Europe,512178,33.7,21.56,49.34,0.0658,0.0421,0.09634,33.7,0,0,18.19,15.51,0,0
CYM,Cayman Islands,HIC,Americas,Latin America and the Caribbean,66862,31.64,6.567,96.62,0.4732,0.09822,1.445,24.48,7.16,20.77,6.579,4.152,0,0.1361
ISL,Iceland,HIC,Europe,Northern Europe,349610,30.95,16.56,49.13,0.08853,0.04736,0.1405,30.95,0,0,20.44,10.51,0,0
NIU,Niue,UMC,Oceania,Polynesia,1942,29.8,3.807,84.67,15.35,1.961,43.61,6.566,23.23,28.05,1.296,0.2441,0.1899,0.01975
MNP,Northern Mariana Islands,HIC,Oceania,Micronesia,49433,27.18,4.964,110.2,0.5498,0.1004,2.229,21.58,5.595,16.55,5.683,4.901,0,0.04434
MAC,Macao,HIC,Asia,Eastern Asia,663213,25.21,3.161,66.91,0.03801,0.004767,0.1009,25.21,0,0,16.59,8.618,0,0
VGB,British Virgin Islands,HIC,Americas,Latin America and the Caribbean,30589,23.78,3.328,88.93,0.7773,0.1088,2.907,18.05,5.726,17.28,3.392,3.056,0,0.04849
TCA,Turks and Caicos Islands,HIC,Americas,Latin America and the Caribbean,44012,23.77,3.833,89.79,0.5401,0.08709,2.04,18.2,5.57,16.76,4.166,2.767,0,0.07991
BES,"Bonaire, Sint Eustatius and Saba",HIC,Americas,Latin America and the Caribbean,26103,23.3,2.887,72.13,0.8925,0.1106,2.763,17,6.298,18.2,2.647,2.416,0,0.03467
SXM,Sint Maarten,HIC,Americas,Latin America and the Caribbean,43585,21.25,1.332,106.5,0.4876,0.03055,2.445,15.68,5.567,16.7,2.791,1.724,0,0.03742
MSR,Montserrat,HIC,Americas,Latin America and the Caribbean,4472,19.65,0.4129,92.7,4.393,0.09234,20.73,13.28,6.367,18.36,0.6855,0.5908,0,0.006548
TKL,Tokelau,LMC,Oceania,Polynesia,1752,15.99,3.387,39.02,9.129,1.933,22.27,8.328,7.663,13.73,0.7869,0.09143,1.385,0
FRO,Faroe Islands,HIC,Europe,Northern Europe,49471,14.04,6.933,24.28,0.2837,0.1401,0.4909,12.81,1.227,3.582,5.902,4.515,0,0.03714
AND,Andorra,HIC,Europe,Southern Europe,77670,11.64,6.046,18.84,0.1498,0.07784,0.2425,11.64,0,0,7.531,4.108,0,0
JEY,Jersey,HIC,Europe,Northern Europe,107836,10.06,6.329,15.07,0.09331,0.05869,0.1398,10.06,0,0,5.469,4.594,0,0
IMN,Isle of Man,HIC,Europe,Northern Europe,83877,8.696,4.681,14.21,0.1037,0.0558,0.1694,8.696,0,0,5.983,2.713,0,0
BMU,Bermuda,HIC,Americas,Northern America,63558,7.876,4.084,13.41,0.1239,0.06426,0.2109,7.876,0,0,5.421,2.455,0,0
GGY,Guernsey,HIC,Europe,Northern Europe,62646,7.558,2.884,15.75,0.1207,0.04604,0.2514,7.558,0,0,4.442,3.116,0,0
CCK,Cocos Islands,HIC,Oceania,Australia and New Zealand,475,7.297,0.9611,20.46,15.35,2.022,43.05,1.616,5.681,6.81,0.3377,0.06445,0.05018,0.0345
XPI,Paracel Islands,UMC,,,396,7.22,0.9372,19.55,18.25,2.369,49.42,1.609,5.611,6.75,0.3316,0.07126,0.04457,0.02301
ALA,Åland,HIC,Europe,Northern Europe,31773,6.168,3.175,10.28,0.1941,0.09994,0.3237,6.168,0,0,3.624,2.544,0,0
NRU,Nauru,HIC,Oceania,Micronesia,11983,5.781,1.63,13.06,0.4824,0.136,1.09,4.443,1.338,3.967,0.9544,0.8566,0,0.003046
COK,Cook Islands,HIC,Oceania,Polynesia,16890,5.494,1.596,11.86,0.3253,0.0945,0.7023,5.494,0,0,3.125,2.369,0,0
XAD,Akrotiri and Dhekelia,HIC,,,23176,5.456,2.176,11.21,0.2354,0.0939,0.4838,5.456,0,0,2.847,2.609,0,0
BLM,Saint-Barthélemy,HIC,Americas,Latin America and the Caribbean,10643,4.82,0.4723,19.16,0.4529,0.04438,1.8,3.613,1.207,3.524,0.6763,0.6063,0,0.0134
LIE,Liechtenstein,HIC,Europe,Western Europe,38733,4.742,3.031,6.762,0.1224,0.07826,0.1746,4.742,0,0,3.19,1.552,0,0
SMR,San Marino,HIC,Europe,Southern Europe,33041,4.666,2.583,7.535,0.1412,0.07817,0.228,4.666,0,0,2.933,1.733,0,0
FLK,Falkland Islands,HIC,Americas,Latin America and the Caribbean,3706,2.542,0.2865,10.32,0.686,0.07731,2.785,2.014,0.5282,1.518,0.5707,0.4421,0,0.01128
MCO,Monaco,HIC,Europe,Western Europe,36835,1.528,0.1588,4.143,0.04148,0.004312,0.1125,1.528,0,0,0.84,0.6878,0,0
SPM,Saint Pierre and Miquelon,HIC,Americas,Northern America,5707,1.389,0.3693,3.207,0.2434,0.06472,0.562,1.389,0,0,0.9248,0.4643,0,0
GIB,Gibraltar,HIC,Europe,Southern Europe,31995,0.9077,0.106,2.317,0.02837,0.003314,0.07241,0.9077,0,0,0.4877,0.42,0,0
PCN,Pitcairn Islands,UMC,Oceania,Polynesia,67,0.8137,0.06527,2.466,12.15,0.975,36.83,0.4163,0.3974,0.6775,0.037,0.006413,0.09277,0
SJM,Svalbard and Jan Mayen,HIC,Europe,Northern Europe,2616,0.7852,0.1945,1.891,0.3002,0.07437,0.7231,0.7852,0,0,0.4385,0.3467,0,0
NFK,Norfolk Island,HIC,Oceania,Australia and New Zealand,2146,0.5823,0.156,1.374,0.2714,0.07268,0.6404,0.5823,0,0,0.3595,0.2228,0,0
VAT,Vatican City,HIC,Europe,Southern Europe,855,0.02671,0.003037,0.07187,0.03123,0.003551,0.08403,0.02671,0,0,0.01581,0.0109,0,0
